competition,name,country,position,top1,zone1,top2,zone2,top3,zone3,top4,zone4
Boulder & Lead IFSC World Championships Bern 2023 1-12 Aug,brooke raboutou,USA,2nd,1.0,1.0,2.0,2.0,inf,1.0,inf,2.0
Boulder & Lead IFSC World Championships Bern 2023 1-12 Aug,miho nonaka,JPN,5th,inf,3.0,inf,1.0,inf,4.0,2.0,1.0
Boulder FSC Asian Cup Riyadh 2023 12-16 Dec,elnaz rekabi,IRI,2nd,2.0,2.0,inf,1.0,2.0,2.0,inf,1.0
"Boulder IFSC - Climbing World Cup (B&L) - Morioka, Iwate (JPN) 2022 20-22 Oct",miho nonaka,JPN,1st,inf,1.0,1.0,1.0,2.0,1.0,inf,1.0
"Boulder IFSC - Climbing World Cup (B&L) - Morioka, Iwate (JPN) 2022 20-22 Oct",chaehyun seo,KOR,2nd,3.0,2.0,inf,inf,1.0,1.0,inf,1.0
"Boulder IFSC - Climbing World Cup (B&L) - Morioka, Iwate (JPN) 2022 20-22 Oct",brooke raboutou,USA,3rd,inf,6.0,3.0,3.0,inf,4.0,inf,1.0
"Boulder IFSC - Climbing World Cup (B&L) - Morioka, Iwate (JPN) 2022 20-22 Oct",futaba ito,JPN,4th,inf,2.0,inf,inf,2.0,1.0,inf,1.0
"Boulder IFSC - Climbing World Cup (B&L) - Morioka, Iwate (JPN) 2022 20-22 Oct",mia krampl,SLO,5th,inf,4.0,inf,7.0,inf,3.0,inf,2.0
Boulder IFSC - Climbing World Cup (B) - Brixen (ITA) 2022 Brixen 10 - 12 Jun,zhilu luo,CHN,1st,2.0,1.0,inf,1.0,inf,4.0,3.0,3.0
Boulder IFSC - Climbing World Cup (B) - Brixen (ITA) 2022 Brixen 10 - 12 Jun,miho nonaka,JPN,2nd,1.0,1.0,inf,1.0,inf,1.0,inf,1.0
Boulder IFSC - Climbing World Cup (B) - Brixen (ITA) 2022 Brixen 10 - 12 Jun,hannah meul,GER,5th,1.0,1.0,1.0,1.0,2.0,2.0,2.0,2.0
Boulder IFSC - Climbing World Cup (B) - Meiringen (SUI) 2021 Meiringen 16 - 17 Apr,vita lukan,SLO,4th,inf,1.0,inf,2.0,inf,inf,inf,inf
Boulder IFSC - Climbing World Cup (B) - Meiringen (SUI) 2022 Meiringen 8 - 10 Apr,futaba ito,JPN,4th,inf,4.0,inf,inf,inf,4.0,inf,inf
Boulder IFSC - Climbing World Cup (B) - Meiringen (SUI) 2022 Meiringen 8 - 10 Apr,stasa gejo,SRB,5th,inf,inf,inf,3.0,inf,inf,inf,inf
Boulder IFSC - Climbing World Cup (B) - Salt Lake City (USA) 2021 Salt Lake City 21 - 22 May,brooke raboutou,USA,2nd,1.0,1.0,1.0,1.0,2.0,1.0,inf,inf
Boulder IFSC - Climbing World Cup (B) - Salt Lake City (USA) 2021 Salt Lake City 21 - 22 May,miho nonaka,JPN,3rd,2.0,1.0,1.0,1.0,inf,inf,4.0,4.0
Boulder IFSC Asia - Continental Cup (B) - Manila (PHI) 2022 5-6 Nov,zhilu luo,CHN,1st,4.0,4.0,1.0,1.0,3.0,1.0,inf,4.0
Boulder IFSC Asia - Continental Cup (B) - Manila (PHI) 2022 5-6 Nov,chaehyun seo,KOR,2nd,1.0,1.0,4.0,4.0,4.0,1.0,inf,inf
Boulder IFSC Asia - Continental Cup (B) - Manila (PHI) 2022 5-6 Nov,sol sa,KOR,5th,1.0,1.0,inf,1.0,inf,1.0,inf,inf
Boulder IFSC Asian Qualifier Jakarta 2023 9-12 Nov,zhilu luo,CHN,1st,inf,2.0,inf,7.0,2.0,2.0,1.0,1.0
Boulder IFSC Asian Qualifier Jakarta 2023 9-12 Nov,futaba ito,JPN,2nd,inf,7.0,inf,7.0,2.0,2.0,1.0,1.0
Boulder IFSC Asian Qualifier Jakarta 2023 9-12 Nov,chaehyun seo,KOR,4th,inf,5.0,inf,3.0,inf,2.0,1.0,1.0
Boulder IFSC Asian Qualifier Jakarta 2023 9-12 Nov,jain kim,KOR,5th,inf,6.0,inf,6.0,inf,3.0,inf,4.0
Boulder IFSC Climbing Worldcup (B) - Canmore (CAN) 2011 Canmore 27 - 28 May,jain kim,KOR,1st,2.0,1.0,7.0,7.0,inf,4.0,3.0,2.0
Boulder IFSC Climbing Worldcup (B) - Eindhoven (NED) 2011 Eindhoven 17 - 18 Jun,petra klingler,SUI,4th,1.0,1.0,inf,inf,inf,1.0,inf,inf
Boulder IFSC Climbing Worldcup (B) - Hachioji (JPN) 2018 TokyoWC 2 - 3 Jun,miho nonaka,JPN,2nd,2.0,2.0,3.0,3.0,inf,inf,1.0,1.0
Boulder IFSC Climbing Worldcup (B) - Hachioji (JPN) 2018 TokyoWC 2 - 3 Jun,stasa gejo,SRB,4th,inf,4.0,inf,inf,inf,inf,inf,1.0
"Boulder IFSC Climbing Worldcup (B) - Hachioji, Tokyo (JPN) 2017 TokyoWC 6 - 7 May",miho nonaka,JPN,1st,1.0,1.0,inf,1.0,2.0,2.0,1.0,1.0
"Boulder IFSC Climbing Worldcup (B) - Hachioji, Tokyo (JPN) 2017 TokyoWC 6 - 7 May",fanny gibert,FRA,3rd,1.0,1.0,inf,1.0,5.0,5.0,inf,5.0
"Boulder IFSC Climbing Worldcup (B) - Hachioji, Tokyo (JPN) 2017 TokyoWC 6 - 7 May",petra klingler,SUI,4th,1.0,1.0,inf,1.0,inf,inf,inf,3.0
Boulder IFSC Climbing Worldcup (B) - Innsbruck (AUT) 2012 Innsbruck 18 - 19 May,jain kim,KOR,4th,inf,inf,2.0,2.0,inf,2.0,8.0,8.0
Boulder IFSC Climbing Worldcup (B) - Innsbruck (AUT) 2016 TyrolWC 20 - 21 May,sol sa,KOR,4th,inf,1.0,inf,1.0,inf,inf,inf,1.0
Boulder IFSC Climbing Worldcup (B) - Innsbruck (AUT) 2016 TyrolWC 20 - 21 May,miho nonaka,JPN,5th,2.0,1.0,3.0,2.0,5.0,4.0,3.0,3.0
Boulder IFSC Climbing Worldcup (B) - Kazo (JPN) 2009 WC Kazo 11 - 12 Apr,jain kim,KOR,2nd,inf,3.0,2.0,2.0,3.0,1.0,inf,inf
Boulder IFSC Climbing Worldcup (B) - Kazo (JPN) 2016 KazoWC 23 - 24 Apr,miho nonaka,JPN,2nd,inf,1.0,1.0,1.0,inf,2.0,2.0,2.0
Boulder IFSC Climbing Worldcup (B) - Kazo (JPN) 2016 KazoWC 23 - 24 Apr,petra klingler,SUI,3rd,inf,1.0,1.0,1.0,inf,inf,2.0,2.0
Boulder IFSC Climbing Worldcup (B) - Kazo (JPN) 2016 KazoWC 23 - 24 Apr,fanny gibert,FRA,4th,inf,3.0,1.0,1.0,inf,inf,inf,inf
Boulder IFSC Climbing Worldcup (B) - Kazo (JPN) 2016 KazoWC 23 - 24 Apr,chloe caulier,BEL,5th,inf,1.0,3.0,2.0,inf,5.0,inf,inf
Boulder IFSC Climbing Worldcup (B) - Laval (FRA) 2014 Laval 27 - 28 Jun,miho nonaka,JPN,2nd,2.0,1.0,1.0,1.0,3.0,3.0,inf,5.0
Boulder IFSC Climbing Worldcup (B) - Laval (FRA) 2014 Laval 27 - 28 Jun,fanny gibert,FRA,4th,2.0,1.0,3.0,3.0,5.0,3.0,inf,inf
Boulder IFSC Climbing Worldcup (B) - Meiringen (SUI) 2017 MeiringenWC 7 - 8 Apr,miho nonaka,JPN,2nd,inf,inf,inf,3.0,2.0,1.0,inf,2.0
Boulder IFSC Climbing Worldcup (B) - Meiringen (SUI) 2017 MeiringenWC 7 - 8 Apr,stasa gejo,SRB,3rd,inf,1.0,inf,inf,3.0,1.0,inf,1.0
Boulder IFSC Climbing Worldcup (B) - Meiringen (SUI) 2017 MeiringenWC 7 - 8 Apr,petra klingler,SUI,4th,inf,inf,inf,inf,3.0,2.0,inf,1.0
Boulder IFSC Climbing Worldcup (B) - Meiringen (SUI) 2018 MeiringenWC 13 - 14 Apr,fanny gibert,FRA,2nd,2.0,1.0,1.0,1.0,1.0,1.0,inf,inf
Boulder IFSC Climbing Worldcup (B) - Meiringen (SUI) 2019 MeiringenWC 5 - 6 Apr,fanny gibert,FRA,4th,inf,inf,4.0,1.0,inf,1.0,inf,inf
Boulder IFSC Climbing Worldcup (B) - Meiringen (SUI) 2019 MeiringenWC 5 - 6 Apr,petra klingler,SUI,5th,inf,inf,1.0,1.0,inf,inf,inf,inf
Boulder IFSC Climbing Worldcup (B) - Munich (GER) 2015 Munich 14 - 15 Aug,fanny gibert,FRA,1st,inf,4.0,1.0,1.0,1.0,1.0,1.0,1.0
Boulder IFSC Climbing Worldcup (B) - Munich (GER) 2015 Munich 14 - 15 Aug,stasa gejo,SRB,4th,inf,1.0,inf,1.0,2.0,1.0,inf,inf
Boulder IFSC Climbing Worldcup (B) - Munich (GER) 2016 MunichWC 12 - 13 Aug,miho nonaka,JPN,1st,inf,1.0,1.0,1.0,1.0,1.0,5.0,5.0
Boulder IFSC Climbing Worldcup (B) - Munich (GER) 2016 MunichWC 12 - 13 Aug,stasa gejo,SRB,5th,inf,1.0,inf,1.0,2.0,1.0,inf,inf
Boulder IFSC Climbing Worldcup (B) - Munich (GER) 2017 MunichWC 18 - 19 Aug,stasa gejo,SRB,4th,inf,inf,inf,5.0,3.0,3.0,inf,1.0
Boulder IFSC Climbing Worldcup (B) - Munich (GER) 2018 MunichWC 17 - 18 Aug,fanny gibert,FRA,1st,inf,4.0,1.0,1.0,inf,2.0,inf,1.0
Boulder IFSC Climbing Worldcup (B) - Munich (GER) 2018 MunichWC 17 - 18 Aug,miho nonaka,JPN,5th,2.0,2.0,1.0,1.0,1.0,1.0,1.0,1.0
Boulder IFSC Climbing Worldcup (B) - Munich (GER) 2019 MunichWC 18 - 19 May,mia krampl,SLO,1st,inf,inf,5.0,5.0,3.0,3.0,1.0,1.0
Boulder IFSC Climbing Worldcup (B) - Munich (GER) 2019 MunichWC 18 - 19 May,ievgeniia kazbekova,UKR,3rd,3.0,2.0,inf,4.0,inf,inf,inf,1.0
Boulder IFSC Climbing Worldcup (B) - Munich (GER) 2019 MunichWC 18 - 19 May,fanny gibert,FRA,5th,1.0,1.0,2.0,2.0,3.0,3.0,2.0,1.0
Boulder IFSC Climbing Worldcup (B) - Navi Mumbai (IND) 2016 NaviMumbaiWC 14 - 15 May,miho nonaka,JPN,1st,1.0,1.0,inf,2.0,inf,inf,3.0,3.0
Boulder IFSC Climbing Worldcup (B) - Navi Mumbai (IND) 2016 NaviMumbaiWC 14 - 15 May,sol sa,KOR,5th,1.0,1.0,inf,inf,inf,5.0,inf,inf
Boulder IFSC Climbing Worldcup (B) - Navi Mumbai (IND) 2017 MumbaiWC 24 - 25 Jun,miho nonaka,JPN,1st,1.0,1.0,5.0,5.0,1.0,1.0,inf,4.0
Boulder IFSC Climbing Worldcup (B) - Navi Mumbai (IND) 2017 MumbaiWC 24 - 25 Jun,petra klingler,SUI,3rd,inf,1.0,inf,inf,2.0,2.0,inf,1.0
Boulder IFSC Climbing Worldcup (B) - Toronto (CAN) 2014 Toronto 31 - 1 May - Jun,miho nonaka,JPN,1st,1.0,1.0,1.0,1.0,2.0,2.0,inf,inf
Boulder IFSC Climbing Worldcup (B) - Vail (USA) 2009 WC Vail 5 - 6 Jun,jain kim,KOR,4th,1.0,1.0,2.0,1.0,inf,2.0,inf,1.0
Boulder IFSC Climbing Worldcup (B) - Vail (USA) 2011 Vail 3 - 4 Jun,jain kim,KOR,3rd,1.0,1.0,inf,inf,inf,inf,2.0,1.0
Boulder IFSC Climbing Worldcup (B) - Vail (USA) 2014 Vail 6 - 7 Jun,fanny gibert,FRA,1st,2.0,2.0,1.0,1.0,inf,2.0,inf,3.0
Boulder IFSC Climbing Worldcup (B) - Vail (USA) 2015 Vail 5 - 6 Jun,miho nonaka,JPN,4th,1.0,1.0,inf,inf,inf,1.0,inf,inf
Boulder IFSC Climbing Worldcup (B) - Vail (USA) 2016 VailWC 10 - 11 Jun,miho nonaka,JPN,4th,1.0,1.0,inf,3.0,inf,inf,inf,inf
Boulder IFSC Climbing Worldcup (B) - Vail (USA) 2017 VailWC 9 - 10 Jun,miho nonaka,JPN,3rd,inf,1.0,1.0,1.0,4.0,3.0,2.0,2.0
Boulder IFSC Climbing Worldcup (B) - Vail (USA) 2018 VailWC 8 - 9 Jun,miho nonaka,JPN,2nd,1.0,1.0,2.0,1.0,inf,inf,inf,2.0
Boulder IFSC Climbing Worldcup (B) - Vail (USA) 2018 VailWC 8 - 9 Jun,fanny gibert,FRA,4th,inf,inf,5.0,2.0,inf,inf,inf,inf
Boulder IFSC Climbing Worldcup (B) - Vail (USA) 2018 VailWC 8 - 9 Jun,kyra condie,USA,5th,inf,inf,inf,2.0,inf,inf,inf,2.0
Boulder IFSC Climbing Worldcup (B) - Vail (USA) 2019 VailWC 7 - 8 Jun,fanny gibert,FRA,2nd,1.0,1.0,inf,4.0,2.0,2.0,inf,2.0
Boulder IFSC Climbing Worldcup (B) - Vail (USA) 2019 VailWC 7 - 8 Jun,miho nonaka,JPN,3rd,2.0,2.0,3.0,1.0,inf,1.0,inf,1.0
Boulder IFSC Climbing Worldcup (B) - Vienna (AUT) 2011 Vienna 13 - 14 May,jain kim,KOR,3rd,inf,inf,1.0,1.0,inf,inf,inf,1.0
Boulder IFSC Climbing Worldcup (B) - Vienna (AUT) 2011 Vienna 13 - 14 May,petra klingler,SUI,5th,inf,2.0,inf,1.0,4.0,4.0,inf,1.0
Boulder IFSC Climbing Worldcup (B) - Wien (AUT) 2010 WC Wien 28 - 30 May,jain kim,KOR,3rd,1.0,1.0,3.0,1.0,inf,inf,inf,inf
"Boulder IFSC Europe - Continental Championships (B,S,L) - Munich (GER) 2022 11-18 Aug",hannah meul,GER,2nd,2.0,2.0,inf,inf,0.0,1.0,inf,1.0
"Boulder IFSC Europe - Continental Championships (B,S,L) - Munich (GER) 2022 11-18 Aug",chloe caulier,BEL,4th,inf,3.0,inf,inf,4.0,1.0,inf,3.0
"Boulder IFSC Europe - Continental Championships (B,S,L) - Munich (GER) 2022 11-18 Aug",eliska adamovska,CZE,5th,inf,3.0,inf,inf,4.0,4.0,inf,inf
Boulder IFSC European Cup Chambéry 2023 7-8 Apr,martina buršíková,SVK,2nd,3.0,1.0,inf,6.0,inf,3.0,inf,3.0
Boulder IFSC European Cup Chambéry 2023 7-8 Apr,zélia avezou,FRA,5th,2.0,1.0,inf,2.0,inf,4.0,inf,inf
"Boulder IFSC European Cup Loverval 2023, 27-28th May",martina buršíková,SVK,2nd,2.0,2.0,inf,2.0,4.0,3.0,inf,1.0
Boulder IFSC European Qualifier Laval 2023 26-26 Oct,stasa gejo,SRB,1st,3.0,3.0,inf,4.0,1.0,1.0,1.0,1.0
Boulder IFSC European Qualifier Laval 2023 26-26 Oct,ievgeniia kazbekova,UKR,2nd,1.0,1.0,inf,2.0,1.0,1.0,inf,4.0
Boulder IFSC European Qualifier Laval 2023 26-26 Oct,zélia avezou,FRA,3rd,inf,1.0,1.0,1.0,2.0,2.0,inf,3.0
Boulder IFSC European Qualifier Laval 2023 26-26 Oct,lucia dörffel,GER,4th,2.0,1.0,inf,1.0,1.0,1.0,inf,3.0
Boulder IFSC European Qualifier Laval 2023 26-26 Oct,hannah meul,GER,5th,inf,1.0,inf,3.0,3.0,1.0,inf,4.0
Boulder IFSC Oceania Qualifier Melbourne 2023 24-26 Nov,maya stasiuk,AUS,1st,1.0,1.0,4.0,2.0,inf,1.0,2.0,1.0
Boulder IFSC South American Cup Curitiba 2023 1-3 Dec,valentina aguado,ARG,2nd,1.0,1.0,2.0,1.0,inf,2.0,inf,13.0
Boulder IFSC South American Cup Mar del Plata 2023 15-17 Dec,valentina aguado,ARG,5th,2.0,1.0,1.0,1.0,1.0,1.0,3.0,3.0
Boulder IFSC World Championships Bern 2023 1-12 Aug,brooke raboutou,USA,2nd,1.0,1.0,inf,7.0,inf,2.0,1.0,1.0
Boulder IFSC World Championships Bern 2023 1-12 Aug,zélia avezou,FRA,3rd,1.0,1.0,7.0,5.0,inf,3.0,inf,1.0
Boulder IFSC World Cup Brixen 2023 9-11 Jun,chaehyun seo,KOR,1st,inf,6.0,1.0,1.0,1.0,1.0,1.0,1.0
Boulder IFSC World Cup Brixen 2023 9-11 Jun,stasa gejo,SRB,2nd,1.0,1.0,inf,1.0,1.0,1.0,3.0,3.0
Boulder IFSC World Cup Brixen 2023 9-11 Jun,ayala kerem,ISR,3rd,5.0,5.0,inf,6.0,4.0,4.0,1.0,1.0
Boulder IFSC World Cup Hachioji 2023 21-23 Apr,brooke raboutou,USA,1st,2.0,2.0,inf,1.0,2.0,1.0,2.0,2.0
Boulder IFSC World Cup Hachioji 2023 21-23 Apr,hannah meul,GER,2nd,1.0,1.0,inf,2.0,inf,5.0,inf,inf
Boulder IFSC World Cup Hachioji 2023 21-23 Apr,ayala kerem,ISR,4th,inf,1.0,inf,4.0,inf,2.0,inf,inf
Boulder IFSC World Cup Hachioji 2023 21-23 Apr,zhilu luo,CHN,5th,inf,1.0,inf,1.0,inf,9.0,inf,inf
Boulder IFSC World Cup Innsbruck 2023 14-18 Jun,miho nonaka,JPN,2nd,1.0,1.0,1.0,1.0,inf,6.0,inf,5.0
Boulder IFSC World Cup Innsbruck 2023 14-18 Jun,brooke raboutou,USA,3rd,3.0,3.0,2.0,2.0,inf,inf,inf,6.0
Boulder IFSC World Cup Innsbruck 2023 14-18 Jun,futaba ito,JPN,5th,inf,1.0,inf,7.0,inf,inf,inf,4.0
Boulder IFSC World Cup Prague 2023 2-4 Jun,miho nonaka,JPN,4th,1.0,1.0,inf,1.0,inf,inf,inf,1.0
Boulder IFSC World Cup Prague 2023 2-4 Jun,stasa gejo,SRB,5th,inf,inf,inf,3.0,inf,inf,inf,5.0
Boulder IFSC World Cup Salt Lake City 2023 19-21 May,brooke raboutou,USA,2nd,inf,7.0,3.0,2.0,inf,inf,1.0,1.0
Boulder IFSC World Cup Salt Lake City 2023 19-21 May,anastasia sanders,USA,3rd,inf,1.0,inf,7.0,6.0,6.0,inf,2.0
Boulder IFSC World Cup Salt Lake City 2023 19-21 May,zhilu luo,CHN,4th,inf,3.0,inf,inf,1.0,1.0,inf,1.0
Boulder IFSC World Cup Salt Lake City 2023 19-21 May,fanny gibert,FRA,5th,inf,4.0,inf,inf,inf,1.0,inf,2.0
Boulder IFSC World Cup Seoul 2023 28-30 Apr,miho nonaka,JPN,1st,9.0,9.0,inf,2.0,11.0,11.0,inf,inf
Boulder IFSC World Cup Seoul 2023 28-30 Apr,brooke raboutou,USA,3rd,8.0,5.0,2.0,2.0,inf,inf,inf,inf
Boulder IFSC World Cup Seoul 2023 28-30 Apr,anastasia sanders,USA,5th,inf,13.0,inf,5.0,inf,inf,5.0,5.0
Boulder International Climbing Series - The internationals of Mayenne (B&L) - Laval (FRA) 2022 21-23 Oct,stasa gejo,SRB,1st,inf,5.0,1.0,1.0,1.0,1.0,1.0,1.0
Boulder International Climbing Series - The internationals of Mayenne (B&L) - Laval (FRA) 2022 21-23 Oct,hélène janicot,FRA,2nd,3.0,3.0,1.0,1.0,inf,1.0,6.0,5.0
Boulder International Climbing Series - The internationals of Mayenne (B&L) - Laval (FRA) 2022 21-23 Oct,zélia avezou,FRA,4th,inf,7.0,inf,1.0,inf,1.0,1.0,1.0
Boulder International Climbing Series - The internationals of Mayenne (B&L) - Laval (FRA) 2022 21-23 Oct,franziska sterrer,AUT,5th,inf,2.0,1.0,1.0,inf,4.0,inf,4.0
Boulder NEOM IFSC Masters 2023 22-24 Nov,camilla moroni,ITA,3rd,inf,3.0,2.0,2.0,inf,3.0,inf,inf
Boulder NEOM IFSC Masters 2023 22-24 Nov,giorgia tesio,ITA,4th,inf,3.0,2.0,2.0,inf,3.0,inf,inf
Boulder Pan American Games Santiago 2023 20-25 Oct,brooke raboutou,USA,2nd,inf,4.0,1.0,1.0,1.0,1.0,inf,4.0
Boulder Pan American Games Santiago 2023 20-25 Oct,alannah yip,CAN,3rd,2.0,2.0,2.0,2.0,inf,1.0,inf,2.0
Boulder Pan American Games Santiago 2023 20-25 Oct,anastasia sanders,USA,4th,inf,6.0,3.0,3.0,inf,4.0,inf,inf
Boulder Pan American Games Santiago 2023 20-25 Oct,valentina aguado,ARG,5th,inf,2.0,1.0,1.0,inf,2.0,inf,inf
"Boulder • Lead IFSC - Climbing World Cup (B,L) - Innsbruck (AUT) 2022 Innsbruck 22 - 26 Jun",miho nonaka,JPN,1st,1.0,1.0,inf,inf,inf,inf,2.0,1.0
"Boulder • Lead IFSC - Climbing World Cup (B,L) - Innsbruck (AUT) 2022 Innsbruck 22 - 26 Jun",futaba ito,JPN,2nd,1.0,1.0,inf,inf,inf,inf,inf,1.0
"Boulder • Lead IFSC - Climbing World Cup (B,L) - Innsbruck (AUT) 2022 Innsbruck 22 - 26 Jun",chaehyun seo,KOR,3rd,1.0,1.0,inf,inf,inf,inf,inf,2.0
"Boulder • Lead IFSC - Climbing World Cup (B,L) - Innsbruck (AUT) 2022 Innsbruck 22 - 26 Jun",hannah meul,GER,5th,1.0,1.0,1.0,1.0,3.0,3.0,2.0,1.0
"Boulder • Speed IFSC - Climbing World Cup (B,S) - Salt Lake City (USA) 2021 Salt Lake City 28 - 30 May",brooke raboutou,USA,1st,2.0,1.0,1.0,1.0,2.0,1.0,inf,5.0
"Boulder • Speed IFSC - Climbing World Cup (B,S) - Salt Lake City (USA) 2021 Salt Lake City 28 - 30 May",stasa gejo,SRB,3rd,6.0,6.0,inf,inf,3.0,2.0,2.0,2.0
"Boulder • Speed IFSC - Climbing World Cup (B,S) - Salt Lake City (USA) 2021 Salt Lake City 28 - 30 May",miho nonaka,JPN,4th,inf,1.0,inf,6.0,4.0,1.0,1.0,1.0
"Boulder • Speed IFSC - Climbing World Cup (B,S) - Salt Lake City (USA) 2022 Salt Lake City 20 - 22 May",brooke raboutou,USA,1st,inf,10.0,2.0,2.0,2.0,1.0,1.0,1.0
"Boulder • Speed IFSC - Climbing World Cup (B,S) - Salt Lake City (USA) 2022 Salt Lake City 20 - 22 May",miho nonaka,JPN,2nd,inf,9.0,2.0,2.0,6.0,6.0,1.0,1.0
"Boulder • Speed IFSC - Climbing World Cup (B,S) - Salt Lake City (USA) 2022 Salt Lake City 20 - 22 May",franziska sterrer,AUT,4th,inf,inf,1.0,1.0,inf,2.0,inf,4.0
"Boulder • Speed IFSC - Climbing World Cup (B,S) - Salt Lake City (USA) 2022 Salt Lake City 20 - 22 May",camilla moroni,ITA,5th,inf,8.0,2.0,2.0,inf,11.0,inf,inf
"Boulder • Speed IFSC - Climbing World Cup (B,S) - Salt Lake City (USA) 2022 Salt Lake City 27 - 29 May",miho nonaka,JPN,1st,2.0,2.0,1.0,1.0,2.0,1.0,inf,1.0
"Boulder • Speed IFSC - Climbing World Cup (B,S) - Salt Lake City (USA) 2022 Salt Lake City 27 - 29 May",brooke raboutou,USA,2nd,1.0,1.0,1.0,1.0,4.0,1.0,inf,1.0
"Boulder • Speed IFSC - Climbing World Cup (B,S) - Salt Lake City (USA) 2022 Salt Lake City 27 - 29 May",futaba ito,JPN,3rd,6.0,4.0,1.0,1.0,2.0,1.0,inf,3.0
"Boulder • Speed IFSC - Climbing World Cup (B,S) - Salt Lake City (USA) 2022 Salt Lake City 27 - 29 May",chaehyun seo,KOR,4th,1.0,1.0,1.0,1.0,inf,3.0,inf,3.0
"Boulder • Speed IFSC - Climbing World Cup (B,S) - Salt Lake City (USA) 2022 Salt Lake City 27 - 29 May",ayala kerem,ISR,5th,1.0,1.0,2.0,1.0,inf,1.0,inf,5.0
"Boulder • Speed IFSC - Climbing World Cup (B,S) - Seoul (KOR) 2022 Seoul 6 - 8 May",brooke raboutou,USA,2nd,inf,inf,3.0,2.0,1.0,1.0,2.0,2.0
"Boulder • Speed IFSC - Climbing World Cup (B,S) - Seoul (KOR) 2022 Seoul 6 - 8 May",stasa gejo,SRB,3rd,1.0,1.0,inf,6.0,2.0,1.0,inf,5.0
"Boulder • Speed IFSC - Climbing World Cup (B,S) - Seoul (KOR) 2022 Seoul 6 - 8 May",camilla moroni,ITA,4th,inf,inf,6.0,6.0,inf,2.0,inf,inf
"Boulder • Speed IFSC Climbing Worldcup (B, S) - Chongqing (CHN) 2016 ChongqingWC 30 - 1 Apr - May",miho nonaka,JPN,3rd,3.0,3.0,inf,1.0,inf,inf,inf,inf
"Boulder • Speed IFSC Climbing Worldcup (B,S) - Chongqing (CHN) 2012 Chongqing 13 - 14 Apr",jain kim,KOR,3rd,inf,1.0,2.0,2.0,inf,inf,inf,1.0
"Boulder • Speed IFSC Climbing Worldcup (B,S) - Chongqing (CHN) 2015 Chongqing 20 - 21 Jun",miho nonaka,JPN,1st,3.0,1.0,1.0,1.0,inf,1.0,1.0,1.0
"Boulder • Speed IFSC Climbing Worldcup (B,S) - Chongqing (CHN) 2015 Chongqing 20 - 21 Jun",sol sa,KOR,5th,inf,2.0,inf,1.0,6.0,2.0,4.0,4.0
"Boulder • Speed IFSC Climbing Worldcup (B,S) - Chongqing (CHN) 2017 ChongqingWC 22 - 23 Apr",alannah yip,CAN,4th,inf,2.0,inf,5.0,3.0,1.0,inf,inf
"Boulder • Speed IFSC Climbing Worldcup (B,S) - Chongqing (CHN) 2017 ChongqingWC 22 - 23 Apr",stasa gejo,SRB,5th,inf,1.0,inf,2.0,4.0,4.0,inf,inf
"Boulder • Speed IFSC Climbing Worldcup (B,S) - Chongqing (CHN) 2018 ChongqingWC 5 - 6 May",miho nonaka,JPN,1st,2.0,2.0,inf,inf,2.0,2.0,3.0,3.0
"Boulder • Speed IFSC Climbing Worldcup (B,S) - Chongqing (CHN) 2018 ChongqingWC 5 - 6 May",stasa gejo,SRB,2nd,inf,inf,2.0,2.0,inf,2.0,inf,3.0
"Boulder • Speed IFSC Climbing Worldcup (B,S) - Chongqing (CHN) 2019 ChongqingWC 26 - 28 Apr",petra klingler,SUI,2nd,inf,1.0,inf,inf,2.0,2.0,inf,5.0
"Boulder • Speed IFSC Climbing Worldcup (B,S) - Chongqing (CHN) 2019 ChongqingWC 26 - 28 Apr",futaba ito,JPN,3rd,1.0,1.0,inf,3.0,inf,inf,inf,inf
"Boulder • Speed IFSC Climbing Worldcup (B,S) - Milano (ITA) 2011 Milano 14 - 17 Apr",jain kim,KOR,1st,1.0,1.0,inf,inf,2.0,2.0,2.0,1.0
"Boulder • Speed IFSC Climbing Worldcup (B,S) - Moscow (RUS) 2010 WC Moscow 17 - 21 Jun",jain kim,KOR,3rd,inf,2.0,1.0,1.0,inf,inf,3.0,3.0
"Boulder • Speed IFSC Climbing Worldcup (B,S) - Moscow (RUS) 2018 MoscowWC 21 - 22 Apr",petra klingler,SUI,2nd,3.0,2.0,5.0,5.0,1.0,1.0,inf,2.0
"Boulder • Speed IFSC Climbing Worldcup (B,S) - Moscow (RUS) 2018 MoscowWC 21 - 22 Apr",fanny gibert,FRA,3rd,inf,1.0,inf,inf,1.0,1.0,1.0,1.0
"Boulder • Speed IFSC Climbing Worldcup (B,S) - Moscow (RUS) 2019 MoscowWC 12 - 14 Apr",lucka rakovec,SLO,1st,inf,2.0,1.0,1.0,1.0,1.0,1.0,1.0
"Boulder • Speed IFSC Climbing Worldcup (B,S) - Moscow (RUS) 2019 MoscowWC 12 - 14 Apr",futaba ito,JPN,3rd,2.0,2.0,1.0,1.0,inf,inf,3.0,3.0
"Boulder • Speed IFSC Climbing Worldcup (B,S) - Moscow (RUS) 2019 MoscowWC 12 - 14 Apr",fanny gibert,FRA,5th,1.0,1.0,1.0,1.0,3.0,3.0,1.0,1.0
"Boulder • Speed IFSC Climbing Worldcup (B,S) - Nanjing (CHN) 2017 NanjingWC 29 - 30 Apr",miho nonaka,JPN,2nd,inf,8.0,4.0,4.0,2.0,2.0,inf,1.0
"Boulder • Speed IFSC Climbing Worldcup (B,S) - Nanjing (CHN) 2017 NanjingWC 29 - 30 Apr",jain kim,KOR,3rd,inf,inf,inf,6.0,inf,inf,5.0,5.0
"Boulder • Speed IFSC Climbing Worldcup (B,S) - Tai'an (CHN) 2018 TaianWC 12 - 13 May",fanny gibert,FRA,1st,2.0,2.0,inf,inf,4.0,4.0,inf,1.0
"Boulder • Speed IFSC Climbing Worldcup (B,S) - Tai'an (CHN) 2018 TaianWC 12 - 13 May",stasa gejo,SRB,2nd,inf,1.0,3.0,3.0,inf,3.0,inf,inf
"Boulder • Speed IFSC Climbing Worldcup (B,S) - Tai'an (CHN) 2018 TaianWC 12 - 13 May",kyra condie,USA,4th,inf,1.0,inf,1.0,inf,inf,inf,3.0
"Boulder • Speed IFSC Climbing Worldcup (B,S) - Tai'an (CHN) 2018 TaianWC 12 - 13 May",miho nonaka,JPN,5th,1.0,1.0,1.0,1.0,5.0,4.0,3.0,1.0
"Boulder • Speed IFSC Climbing Worldcup (B,S) - Wujiang (CHN) 2019 WujiangWC 3 - 5 May",miho nonaka,JPN,3rd,2.0,1.0,inf,1.0,2.0,2.0,inf,3.0
"Boulder&Lead IFSC Asia - Continental Championships (B, L, S, B&L) - Republic of Korea 2022 10-16 Oct",futaba ito,JPN,2nd,1.0,1.0,2.0,2.0,inf,1.0,1.0,1.0
"Boulder&Lead IFSC Asia - Continental Championships (B, L, S, B&L) - Republic of Korea 2022 10-16 Oct",chaehyun seo,KOR,3rd,1.0,1.0,6.0,6.0,inf,1.0,1.0,1.0
"Boulder&Lead IFSC Asia - Continental Championships (B, L, S, B&L) - Republic of Korea 2022 10-16 Oct",elnaz rekabi,IRIR,4th,2.0,2.0,9.0,9.0,inf,1.0,2.0,1.0
"Lead • Boulder IFSC - Climbing World Cup (B,L) - Innsbruck (AUT) 2021 Innsbruck 23 - 26 Jun",stasa gejo,SRB,3rd,inf,3.0,2.0,2.0,inf,1.0,inf,inf
"Lead • Boulder IFSC - Climbing World Cup (B,L) - Innsbruck (AUT) 2021 Innsbruck 23 - 26 Jun",futaba ito,JPN,4th,3.0,3.0,inf,5.0,inf,inf,inf,inf
Lead • Boulder • Speed IFSC Climbing World Championship - Paris (FRA) 2012 WCH Paris 12 - 16 Sep,jain kim,KOR,5th,1.0,1.0,inf,inf,inf,inf,2.0,2.0
Lead • Boulder • Speed IFSC Climbing World Championships - Paris (FRA) 2016 WCH Paris 14 - 18 Sep,petra klingler,SUI,1st,1.0,1.0,inf,2.0,1.0,1.0,2.0,2.0
Lead • Boulder • Speed IFSC Climbing World Championships - Paris (FRA) 2016 WCH Paris 14 - 18 Sep,miho nonaka,JPN,2nd,2.0,2.0,inf,2.0,3.0,3.0,4.0,2.0
Lead • Boulder • Speed • Combined IFSC Climbing World Championships - Hachioji (JPN) 2019 WCH Hachioji 11 - 21 Aug,ievgeniia kazbekova,UKR,4th,inf,1.0,inf,inf,3.0,3.0,inf,inf
Lead • Boulder • Speed • Combined IFSC Climbing World Championships - Hachioji (JPN) 2019 WCH Hachioji 11 - 21 Aug,miho nonaka,JPN,5th,inf,inf,inf,inf,5.0,5.0,inf,1.0
Lead • Boulder • Speed • Combined IFSC Climbing World Championships - Innsbruck (AUT) 2018 WCH Innsbruck 6 - 16 Sep,stasa gejo,SRB,3rd,inf,5.0,inf,inf,1.0,1.0,inf,inf
Lead • Boulder • Speed • Combined IFSC Climbing World Championships - Innsbruck (AUT) 2018 WCH Innsbruck 6 - 16 Sep,miho nonaka,JPN,5th,inf,inf,inf,inf,inf,3.0,inf,1.0
"Lead • Speed • Boulder • Combined IFSC - Climbing World Championships (B,L,S) - Moscow 2021 Moscow 16 - 21 Sep",stasa gejo,SRB,1st,inf,1.0,3.0,2.0,inf,2.0,2.0,2.0
"Lead • Speed • Boulder • Combined IFSC - Climbing World Championships (B,L,S) - Moscow 2021 Moscow 16 - 21 Sep",brooke raboutou,USA,3rd,2.0,1.0,1.0,1.0,inf,inf,inf,2.0
"Lead • Speed • Boulder • Combined IFSC - Climbing World Championships (B,L,S) - Moscow 2021 Moscow 16 - 21 Sep",camilla moroni,ITA,5th,3.0,1.0,1.0,1.0,7.0,7.0,2.0,2.0
"Lead • Speed • Boulder • Combined IFSC Europe - Continental Championships (B,S,L,C) - Moscow (RUS) 2020 Moscow 21 - 29 Nov",stasa gejo,SRB,1st,inf,1.0,1.0,1.0,inf,1.0,3.0,1.0
"Lead • Speed • Boulder • Combined IFSC Europe - Continental Championships (B,S,L,C) - Moscow (RUS) 2020 Moscow 21 - 29 Nov",lucia dörffel,GER,2nd,2.0,1.0,1.0,1.0,inf,1.0,inf,inf
"Lead • Speed • Boulder • Combined IFSC Europe - Continental Championships (B,S,L,C) - Moscow (RUS) 2020 Moscow 21 - 29 Nov",chloe caulier,BEL,5th,1.0,1.0,1.0,1.0,1.0,1.0,3.0,3.0
